{"cameraMode":{"drawMode":0,"name":"Shaded","section":"Shading Mode"},"sceneLighting":false,"audioPlay":false,"sceneViewState":{"showFog":true,"showMaterialUpdate":false,"showSkybox":true,"showFlares":true,"showImageEffects":true,"showParticleSystems":true},"in2DMode":false,"pivot":{"x":1.5568506717681885,"y":-0.1584770679473877,"z":1.5062074661254883},"rotation":{"x":-0.1523938924074173,"y":-0.17249587178230287,"z":0.02702919952571392,"w":-0.9727747440338135},"size":10.109796524047852,"orthographic":false}