{"cameraMode":{"drawMode":0,"name":"Shaded","section":"Shading Mode"},"sceneLighting":false,"audioPlay":false,"sceneViewState":{"showFog":true,"showMaterialUpdate":false,"showSkybox":true,"showFlares":true,"showImageEffects":true,"showParticleSystems":true},"in2DMode":false,"pivot":{"x":0.5,"y":0.24950000643730164,"z":0.4999999701976776},"rotation":{"x":-0.10571859031915665,"y":-0.354192316532135,"z":0.040341492742300037,"w":-0.9283016920089722},"size":2.6029248237609865,"orthographic":false}